{"cameraMode":{"drawMode":0,"name":"Shaded","section":"Shading Mode"},"sceneLighting":false,"audioPlay":false,"sceneViewState":{"showFog":true,"showMaterialUpdate":true,"showSkybox":false,"showFlares":true,"showImageEffects":true,"showParticleSystems":true},"in2DMode":false,"pivot":{"x":4.464712619781494,"y":-0.849733829498291,"z":3.9743590354919435},"rotation":{"x":-0.736771285533905,"y":0.173105388879776,"z":-0.20557445287704469,"w":-0.6204485297203064},"size":0.8627661466598511,"orthographic":false}