{"cameraMode":{"drawMode":0,"name":"Shaded","section":"Shading Mode"},"sceneLighting":true,"audioPlay":false,"sceneViewState":{"showFog":true,"showMaterialUpdate":true,"showSkybox":true,"showFlares":true,"showImageEffects":true,"showParticleSystems":true},"in2DMode":false,"pivot":{"x":-10.571395874023438,"y":-5.615349769592285,"z":3.1711959838867189},"rotation":{"x":-0.03878806158900261,"y":0.9561051726341248,"z":-0.24954870343208314,"w":-0.1486102044582367},"size":8.237198829650879,"orthographic":false}